Date,Close,High,Low,P_trade,AllowTrade,TA_Direction,DesiredPos,Position
2022-07-01,27.5,28.809999465942383,27.5,,0.0,0.0,0.0,0
2022-07-04,26.899999618530273,27.56999969482422,25.860000610351562,,0.0,0.0,0.0,0
2022-07-05,26.170000076293945,27.6200008392334,25.8799991607666,,0.0,0.0,0.0,0
2022-07-06,26.3700008392334,26.649999618530273,25.68000030517578,,0.0,0.0,0.0,0
2022-07-07,26.399999618530273,27.270000457763672,26.399999618530273,,0.0,0.0,0.0,0
2022-07-08,27.700000762939453,27.75,26.049999237060547,,0.0,0.0,0.0,0
2022-07-11,27.149999618530273,27.510000228881836,26.920000076293945,,0.0,0.0,0.0,0
2022-07-12,26.329999923706055,27.040000915527344,26.229999542236328,,0.0,0.0,0.0,0
2022-07-13,26.299999237060547,26.799999237060547,25.670000076293945,,0.0,0.0,0.0,0
2022-07-14,25.399999618530273,26.5,25.34000015258789,,0.0,0.0,0.0,0
2022-07-15,25.65999984741211,25.959999084472656,25.299999237060547,,0.0,0.0,0.0,0
2022-07-18,26.1200008392334,26.3700008392334,25.84000015258789,,0.0,0.0,0.0,0
2022-07-19,26.5,26.6200008392334,25.860000610351562,,0.0,0.0,0.0,0
2022-07-20,26.440000534057617,27.100000381469727,26.25,,0.0,0.0,0.0,0
2022-07-21,26.579999923706055,26.729999542236328,26.010000228881836,,0.0,0.0,0.0,0
2022-07-22,26.420000076293945,26.860000610351562,26.34000015258789,,0.0,0.0,0.0,0
2022-07-25,26.549999237060547,27.049999237060547,26.299999237060547,,0.0,0.0,0.0,0
2022-07-26,25.75,26.780000686645508,25.43000030517578,,0.0,0.0,0.0,0
2022-07-27,25.5,25.940000534057617,25.1200008392334,,0.0,0.0,0.0,0
2022-07-28,25.6299991607666,26.0,25.350000381469727,,0.0,0.0,0.0,0
2022-07-29,26.190000534057617,26.219999313354492,25.600000381469727,,0.0,0.0,0.0,0
2022-08-01,26.920000076293945,26.950000762939453,26.309999465942383,,0.0,0.0,0.0,0
2022-08-02,26.5,26.969999313354492,26.239999771118164,,0.0,0.0,0.0,0
2022-08-03,24.600000381469727,25.18000030517578,24.270000457763672,,0.0,0.0,0.0,0
2022-08-04,23.950000762939453,24.829999923706055,23.770000457763672,,0.0,0.0,0.0,0
2022-08-05,24.030000686645508,24.540000915527344,23.899999618530273,,0.0,0.0,0.0,0
2022-08-08,25.1299991607666,25.190000534057617,24.100000381469727,,0.0,0.0,0.0,0
2022-08-09,25.0,25.950000762939453,25.0,,0.0,0.0,0.0,0
2022-08-10,25.040000915527344,25.489999771118164,24.559999465942383,,0.0,0.0,0.0,0
2022-08-11,25.5,25.5,25.010000228881836,,0.0,0.0,0.0,0
2022-08-12,25.350000381469727,25.739999771118164,25.18000030517578,,0.0,0.0,0.0,0
2022-08-16,25.3700008392334,25.739999771118164,24.899999618530273,,0.0,0.0,0.0,0
2022-08-17,24.09000015258789,25.530000686645508,24.09000015258789,,0.0,0.0,0.0,0
2022-08-18,24.700000762939453,24.770000457763672,23.969999313354492,,0.0,0.0,0.0,0
2022-08-19,24.729999542236328,25.239999771118164,24.1200008392334,,0.0,0.0,0.0,0
2022-08-22,24.25,25.06999969482422,23.950000762939453,,0.0,0.0,0.0,0
2022-08-23,24.049999237060547,24.450000762939453,23.90999984741211,,0.0,0.0,0.0,0
2022-08-24,23.479999542236328,24.139999389648438,23.399999618530273,,0.0,0.0,0.0,0
2022-08-25,24.479999542236328,24.56999969482422,23.700000762939453,,0.0,0.0,0.0,0
2022-08-26,23.559999465942383,24.600000381469727,23.3700008392334,,0.0,0.0,0.0,0
2022-08-29,23.170000076293945,23.350000381469727,22.920000076293945,,0.0,0.0,0.0,0
2022-08-30,22.8700008392334,23.68000030517578,22.799999237060547,,0.0,0.0,0.0,0
2022-08-31,23.520000457763672,23.760000228881836,22.65999984741211,,0.0,0.0,0.0,0
2022-09-01,22.09000015258789,23.399999618530273,22.030000686645508,,0.0,0.0,0.0,0
2022-09-02,23.389999389648438,23.5,22.239999771118164,,0.0,0.0,0.0,0
2022-09-05,22.84000015258789,23.1200008392334,22.639999389648438,,0.0,0.0,0.0,0
2022-09-06,22.770000457763672,23.0,22.350000381469727,,0.0,0.0,0.0,0
2022-09-07,22.510000228881836,22.639999389648438,22.100000381469727,,0.0,0.0,0.0,0
2022-09-08,23.1299991607666,23.34000015258789,22.65999984741211,,0.0,0.0,0.0,0
2022-09-09,24.290000915527344,24.43000030517578,23.3700008392334,,0.0,0.0,0.0,0
2022-09-12,25.309999465942383,25.329999923706055,24.200000762939453,,0.0,0.0,0.0,0
2022-09-13,24.510000228881836,25.459999084472656,24.0,,0.0,0.0,0.0,0
2022-09-14,24.389999389648438,24.639999389648438,24.0,,0.0,0.0,0.0,0
2022-09-15,24.600000381469727,24.8799991607666,24.360000610351562,,0.0,0.0,0.0,0
2022-09-16,23.65999984741211,24.399999618530273,23.219999313354492,,0.0,0.0,0.0,0
2022-09-19,24.309999465942383,24.450000762939453,23.5,,0.0,0.0,0.0,0
2022-09-20,23.719999313354492,24.989999771118164,23.56999969482422,,0.0,0.0,0.0,0
2022-09-21,23.290000915527344,23.760000228881836,23.219999313354492,,0.0,0.0,0.0,0
2022-09-22,23.350000381469727,23.600000381469727,22.719999313354492,,0.0,0.0,0.0,0
2022-09-23,22.68000030517578,23.309999465942383,22.600000381469727,,0.0,0.0,0.0,0
2022-09-26,22.450000762939453,22.920000076293945,22.110000610351562,,0.0,0.0,0.0,0
2022-09-27,22.709999084472656,23.100000381469727,22.489999771118164,,0.0,0.0,0.0,0
2022-09-28,22.459999084472656,22.670000076293945,21.600000381469727,,0.0,0.0,0.0,0
2022-09-29,21.75,22.780000686645508,21.649999618530273,,0.0,0.0,0.0,0
2022-09-30,21.84000015258789,22.079999923706055,21.309999465942383,,0.0,0.0,0.0,0
2022-10-03,21.799999237060547,21.889999389648438,21.139999389648438,,0.0,0.0,0.0,0
2022-10-04,22.940000534057617,22.969999313354492,22.110000610351562,,0.0,0.0,0.0,0
2022-10-05,22.0,22.93000030517578,22.0,,0.0,0.0,0.0,0
2022-10-06,22.110000610351562,22.6200008392334,22.0,,0.0,0.0,0.0,0
2022-10-07,22.200000762939453,22.399999618530273,22.0,,0.0,0.0,0.0,0
2022-10-10,21.469999313354492,22.09000015258789,21.399999618530273,,0.0,0.0,0.0,0
2022-10-11,21.700000762939453,22.149999618530273,21.219999313354492,,0.0,0.0,0.0,0
2022-10-12,22.100000381469727,22.229999542236328,21.440000534057617,,0.0,0.0,0.0,0
2022-10-13,21.8799991607666,22.149999618530273,21.350000381469727,,0.0,0.0,0.0,0
2022-10-14,22.540000915527344,22.81999969482422,22.239999771118164,,0.0,0.0,0.0,0
2022-10-17,22.93000030517578,22.950000762939453,22.270000457763672,,0.0,0.0,0.0,0
2022-10-18,23.729999542236328,23.920000076293945,23.149999618530273,,0.0,0.0,0.0,0
2022-10-19,23.209999084472656,23.940000534057617,23.18000030517578,,0.0,0.0,0.0,0
2022-10-20,24.100000381469727,24.239999771118164,22.899999618530273,,0.0,0.0,0.0,0
2022-10-21,24.25,24.610000610351562,23.799999237060547,,0.0,0.0,0.0,0
2022-10-24,24.520000457763672,24.920000076293945,24.1299991607666,,0.0,0.0,0.0,0
2022-10-25,24.489999771118164,24.829999923706055,24.030000686645508,,0.0,0.0,0.0,0
2022-10-26,24.860000610351562,24.979999542236328,24.299999237060547,,0.0,0.0,0.0,0
2022-10-27,25.309999465942383,25.479999542236328,24.6299991607666,,0.0,0.0,0.0,0
2022-10-28,25.719999313354492,25.860000610351562,24.90999984741211,,0.0,0.0,0.0,0
2022-10-31,26.06999969482422,26.079999923706055,25.639999389648438,,0.0,0.0,0.0,0
2022-11-02,26.40999984741211,26.489999771118164,25.75,,0.0,0.0,0.0,0
2022-11-03,25.899999618530273,26.049999237060547,25.5,,0.0,0.0,0.0,0
2022-11-04,25.649999618530273,26.190000534057617,25.43000030517578,,0.0,0.0,0.0,0
2022-11-07,26.6299991607666,26.889999389648438,25.6299991607666,,0.0,0.0,0.0,0
2022-11-08,26.68000030517578,26.739999771118164,26.25,,0.0,0.0,0.0,0
2022-11-09,26.770000457763672,27.270000457763672,26.510000228881836,,0.0,0.0,0.0,0
2022-11-10,27.600000381469727,27.729999542236328,26.149999618530273,,0.0,0.0,0.0,0
2022-11-14,28.6200008392334,28.959999084472656,27.610000610351562,,0.0,0.0,0.0,0
2022-11-15,29.450000762939453,29.5,28.399999618530273,,0.0,0.0,0.0,0
2022-11-16,28.610000610351562,29.239999771118164,28.100000381469727,,0.0,0.0,0.0,0
2022-11-17,27.8799991607666,28.780000686645508,27.34000015258789,,0.0,0.0,0.0,0
2022-11-18,28.059999465942383,28.360000610351562,27.399999618530273,,0.0,0.0,0.0,0
2022-11-21,27.860000610351562,28.200000762939453,27.559999465942383,,0.0,0.0,0.0,0
2022-11-22,28.149999618530273,28.43000030517578,27.530000686645508,,0.0,0.0,0.0,0
2022-11-23,28.06999969482422,28.479999542236328,28.020000457763672,,0.0,0.0,0.0,0
2022-11-24,28.8700008392334,28.959999084472656,28.06999969482422,,0.0,0.0,0.0,0
2022-11-25,28.860000610351562,29.030000686645508,28.530000686645508,,0.0,0.0,0.0,0
2022-11-28,28.59000015258789,29.139999389648438,28.5,,0.0,0.0,0.0,0
2022-11-29,28.350000381469727,28.790000915527344,28.020000457763672,,0.0,0.0,0.0,0
2022-11-30,28.350000381469727,28.760000228881836,28.149999618530273,,0.0,0.0,0.0,0
2022-12-01,29.670000076293945,29.729999542236328,28.700000762939453,,0.0,0.0,0.0,0
2022-12-02,28.8700008392334,29.739999771118164,28.639999389648438,,0.0,0.0,0.0,0
2022-12-05,29.350000381469727,29.739999771118164,28.899999618530273,,0.0,0.0,0.0,0
2022-12-06,28.850000381469727,29.290000915527344,28.649999618530273,,0.0,0.0,0.0,0
2022-12-07,28.729999542236328,28.989999771118164,28.520000457763672,,0.0,0.0,0.0,0
2022-12-08,28.139999389648438,28.65999984741211,28.059999465942383,,0.0,0.0,0.0,0
2022-12-09,28.59000015258789,28.59000015258789,28.139999389648438,,0.0,0.0,0.0,0
2022-12-12,29.0,29.049999237060547,28.15999984741211,,0.0,0.0,0.0,0
2022-12-13,29.440000534057617,30.079999923706055,28.790000915527344,,0.0,0.0,0.0,0
2022-12-14,29.489999771118164,29.639999389648438,29.219999313354492,,0.0,0.0,0.0,0
2022-12-15,29.229999542236328,29.399999618530273,28.799999237060547,,0.0,0.0,0.0,0
2022-12-16,28.90999984741211,29.040000915527344,28.65999984741211,,0.0,0.0,0.0,0
2022-12-19,29.100000381469727,29.309999465942383,28.799999237060547,,0.0,0.0,0.0,0
2022-12-20,29.510000228881836,29.510000228881836,28.799999237060547,,0.0,0.0,0.0,0
2022-12-21,30.420000076293945,30.450000762939453,29.260000228881836,,0.0,0.0,0.0,0
2022-12-22,30.270000457763672,30.75,30.079999923706055,,0.0,0.0,0.0,0
2022-12-23,29.969999313354492,30.280000686645508,29.709999084472656,,0.0,0.0,0.0,0
2022-12-27,29.700000762939453,30.270000457763672,29.690000534057617,,0.0,0.0,0.0,0
2022-12-28,29.940000534057617,30.079999923706055,29.549999237060547,,0.0,0.0,0.0,0
2022-12-29,30.549999237060547,30.549999237060547,29.850000381469727,,0.0,0.0,0.0,0
2022-12-30,30.290000915527344,30.540000915527344,30.190000534057617,,0.0,0.0,0.0,0
2023-01-02,30.270000457763672,30.889999389648438,30.229999542236328,,0.0,0.0,0.0,0
2023-01-03,31.760000228881836,32.18000030517578,30.290000915527344,,0.0,0.0,0.0,0
2023-01-04,32.66999816894531,32.83000183105469,31.719999313354492,,0.0,0.0,0.0,0
2023-01-05,33.189998626708984,33.40999984741211,32.189998626708984,,0.0,0.0,0.0,0
2023-01-09,34.43000030517578,34.5,33.5,,0.0,0.0,0.0,0
2023-01-10,35.0,35.189998626708984,33.77000045776367,,0.0,0.0,0.0,0
2023-01-11,34.45000076293945,35.439998626708984,34.349998474121094,,0.0,0.0,0.0,0
2023-01-12,35.58000183105469,36.04999923706055,34.66999816894531,,0.0,0.0,0.0,0
2023-01-13,35.31999969482422,35.7599983215332,34.380001068115234,,0.0,0.0,0.0,0
2023-01-16,35.81999969482422,36.130001068115234,34.66999816894531,,0.0,0.0,0.0,0
2023-01-17,34.63999938964844,35.75,34.47999954223633,,0.0,0.0,0.0,0
2023-01-18,34.130001068115234,34.77000045776367,33.7400016784668,,0.0,0.0,0.0,0
2023-01-19,33.900001525878906,34.33000183105469,33.40999984741211,,0.0,0.0,0.0,0
2023-01-20,33.880001068115234,34.06999969482422,33.5,,0.0,0.0,0.0,0
2023-01-23,34.04999923706055,34.400001525878906,33.81999969482422,,0.0,0.0,0.0,0
2023-01-24,33.97999954223633,34.40999984741211,33.279998779296875,,0.0,0.0,0.0,0
2023-01-25,32.619998931884766,32.95000076293945,32.099998474121094,,0.0,0.0,0.0,0
2023-01-26,32.630001068115234,33.09000015258789,32.209999084472656,,0.0,0.0,0.0,0
2023-01-27,32.220001220703125,32.959999084472656,32.18000030517578,,0.0,0.0,0.0,0
2023-01-30,31.530000686645508,32.20000076293945,31.360000610351562,,0.0,0.0,0.0,0
2023-01-31,32.15999984741211,32.38999938964844,31.229999542236328,,0.0,0.0,0.0,0
2023-02-01,32.15999984741211,32.33000183105469,31.709999084472656,,0.0,0.0,0.0,0
2023-02-02,32.349998474121094,32.68000030517578,32.040000915527344,,0.0,0.0,0.0,0
2023-02-03,32.720001220703125,33.02000045776367,32.22999954223633,,0.0,0.0,0.0,0
2023-02-06,31.84000015258789,32.58000183105469,31.739999771118164,,0.0,0.0,0.0,0
2023-02-07,31.809999465942383,32.18000030517578,31.649999618530273,,0.0,0.0,0.0,0
2023-02-08,32.25,32.43000030517578,31.959999084472656,,0.0,0.0,0.0,0
2023-02-09,32.79999923706055,33.22999954223633,32.31999969482422,,0.0,0.0,0.0,0
2023-02-10,32.130001068115234,32.72999954223633,32.099998474121094,,0.0,0.0,0.0,0
2023-02-13,32.29999923706055,32.439998626708984,31.940000534057617,,0.0,0.0,0.0,0
2023-02-14,32.7400016784668,33.099998474121094,32.2400016784668,,0.0,0.0,0.0,0
2023-02-15,33.040000915527344,33.369998931884766,32.4900016784668,,0.0,0.0,0.0,0
2023-02-16,32.36000061035156,33.689998626708984,30.65999984741211,,0.0,0.0,0.0,0
2023-02-17,31.920000076293945,32.34000015258789,31.799999237060547,,0.0,0.0,0.0,0
2023-02-20,31.350000381469727,32.0,31.079999923706055,,0.0,0.0,0.0,0
2023-02-21,30.729999542236328,31.350000381469727,30.34000015258789,,0.0,0.0,0.0,0
2023-02-22,30.040000915527344,30.700000762939453,29.860000610351562,,0.0,0.0,0.0,0
2023-02-23,30.559999465942383,30.719999313354492,29.989999771118164,,0.0,0.0,0.0,0
2023-02-24,30.600000381469727,31.06999969482422,30.450000762939453,,0.0,0.0,0.0,0
2023-02-27,30.559999465942383,30.799999237060547,30.260000228881836,,0.0,0.0,0.0,0
2023-02-28,31.079999923706055,31.350000381469727,30.3799991607666,,0.0,0.0,0.0,0
2023-03-01,31.350000381469727,31.56999969482422,31.059999465942383,,0.0,0.0,0.0,0
2023-03-02,30.530000686645508,31.200000762939453,30.399999618530273,,0.0,0.0,0.0,0
2023-03-03,30.969999313354492,31.100000381469727,30.5,,0.0,0.0,0.0,0
2023-03-06,31.600000381469727,31.649999618530273,31.030000686645508,,0.0,0.0,0.0,0
2023-03-07,30.989999771118164,31.8799991607666,30.920000076293945,,0.0,0.0,0.0,0
2023-03-08,31.100000381469727,31.18000030517578,30.719999313354492,,0.0,0.0,0.0,0
2023-03-09,30.5,31.1299991607666,30.5,,0.0,0.0,0.0,0
2023-03-10,29.780000686645508,30.239999771118164,29.6200008392334,,0.0,0.0,0.0,0
2023-03-13,28.90999984741211,30.09000015258789,28.610000610351562,,0.0,0.0,0.0,0
2023-03-14,28.829999923706055,29.15999984741211,28.3799991607666,,0.0,0.0,0.0,0
2023-03-15,27.969999313354492,29.190000534057617,27.5,,0.0,0.0,0.0,0
2023-03-16,27.200000762939453,28.40999984741211,26.600000381469727,,0.0,0.0,0.0,0
2023-03-17,26.459999084472656,27.899999618530273,26.06999969482422,,0.0,0.0,0.0,0
2023-03-20,26.760000228881836,26.940000534057617,24.829999923706055,,0.0,0.0,0.0,0
2023-03-21,27.979999542236328,28.079999923706055,26.8799991607666,,0.0,0.0,0.0,0
2023-03-22,27.559999465942383,28.420000076293945,27.479999542236328,,0.0,0.0,0.0,0
2023-03-23,27.399999618530273,27.600000381469727,26.84000015258789,,0.0,0.0,0.0,0
2023-03-24,26.719999313354492,27.25,26.200000762939453,,0.0,0.0,0.0,0
2023-03-27,27.06999969482422,27.25,26.639999389648438,,0.0,0.0,0.0,0
2023-03-28,27.200000762939453,27.690000534057617,27.020000457763672,,0.0,0.0,0.0,0
2023-03-29,28.049999237060547,28.15999984741211,27.139999389648438,,0.0,0.0,0.0,0
2023-03-30,28.809999465942383,28.850000381469727,28.15999984741211,,0.0,0.0,0.0,0
2023-03-31,28.520000457763672,28.93000030517578,28.3700008392334,,0.0,0.0,0.0,0
2023-04-03,29.049999237060547,29.729999542236328,28.600000381469727,,0.0,0.0,0.0,0
2023-04-04,28.889999389648438,29.540000915527344,28.81999969482422,,0.0,0.0,0.0,0
2023-04-05,28.639999389648438,28.950000762939453,28.469999313354492,,0.0,0.0,0.0,0
2023-04-06,28.670000076293945,28.860000610351562,28.309999465942383,,0.0,0.0,0.0,0
2023-04-11,29.25,29.34000015258789,28.649999618530273,,0.0,0.0,0.0,0
2023-04-12,30.0,30.1299991607666,28.950000762939453,,0.0,0.0,0.0,0
2023-04-13,30.829999923706055,31.040000915527344,29.799999237060547,,0.0,0.0,0.0,0
2023-04-14,31.290000915527344,31.579999923706055,30.719999313354492,,0.0,0.0,0.0,0
2023-04-17,31.399999618530273,31.790000915527344,31.239999771118164,,0.0,0.0,0.0,0
2023-04-18,32.349998474121094,32.7400016784668,31.200000762939453,,0.0,0.0,0.0,0
2023-04-19,32.470001220703125,32.779998779296875,31.200000762939453,,0.0,0.0,0.0,0
2023-04-20,32.630001068115234,33.0,32.33000183105469,,0.0,0.0,0.0,0
2023-04-21,32.58000183105469,32.68000030517578,32.09000015258789,,0.0,0.0,0.0,0
2023-04-24,32.72999954223633,32.93000030517578,32.2400016784668,,0.0,0.0,0.0,0
2023-04-25,32.11000061035156,32.650001525878906,31.90999984741211,,0.0,1.0,0.0,0
2023-04-26,31.790000915527344,32.16999816894531,31.0,,0.0,1.0,0.0,0
2023-04-27,32.540000915527344,32.70000076293945,31.790000915527344,,0.0,1.0,0.0,0
2023-04-28,32.06999969482422,32.63999938964844,31.920000076293945,,0.0,1.0,0.0,0
2023-05-02,31.6200008392334,32.619998931884766,31.6200008392334,,0.0,1.0,0.0,0
2023-05-04,30.3700008392334,32.02000045776367,30.31999969482422,,0.0,1.0,0.0,0
2023-05-05,31.1299991607666,31.25,30.360000610351562,,0.0,1.0,0.0,0
2023-05-08,31.270000457763672,31.700000762939453,31.100000381469727,,0.0,1.0,0.0,0
2023-05-09,31.1200008392334,31.229999542236328,30.81999969482422,,0.0,1.0,0.0,0
2023-05-10,31.18000030517578,31.75,30.8799991607666,,0.0,1.0,0.0,0
2023-05-11,31.0,31.559999465942383,30.899999618530273,,0.0,1.0,0.0,0
2023-05-12,31.350000381469727,31.959999084472656,31.100000381469727,,0.0,1.0,0.0,0
2023-05-15,31.3700008392334,31.670000076293945,31.059999465942383,,0.0,1.0,0.0,0
2023-05-16,31.6299991607666,31.780000686645508,31.1200008392334,,0.0,1.0,0.0,0
2023-05-17,31.670000076293945,31.84000015258789,31.139999389648438,,0.0,1.0,0.0,0
2023-05-18,32.22999954223633,32.619998931884766,31.84000015258789,,0.0,1.0,0.0,0
2023-05-19,33.25,33.25,32.349998474121094,,0.0,1.0,0.0,0
2023-05-22,33.52000045776367,33.709999084472656,32.939998626708984,,0.0,1.0,0.0,0
2023-05-23,33.7400016784668,33.95000076293945,33.380001068115234,,0.0,1.0,0.0,0
2023-05-24,32.630001068115234,33.630001068115234,32.54999923706055,,0.0,1.0,0.0,0
2023-05-25,32.970001220703125,33.33000183105469,32.400001525878906,,0.0,1.0,0.0,0
2023-05-26,34.06999969482422,34.09000015258789,33.0099983215332,,0.0,1.0,0.0,0
2023-05-29,34.08000183105469,34.220001220703125,33.75,,0.0,1.0,0.0,0
2023-05-30,33.130001068115234,34.02000045776367,33.130001068115234,,0.0,1.0,0.0,0
2023-05-31,32.08000183105469,32.91999816894531,31.90999984741211,,0.0,1.0,0.0,0
2023-06-01,32.79999923706055,32.90999984741211,32.02000045776367,,0.0,1.0,0.0,0
2023-06-02,34.470001220703125,34.4900016784668,33.0,,0.0,1.0,0.0,0
2023-06-05,34.29999923706055,35.18000030517578,34.119998931884766,,0.0,1.0,0.0,0
2023-06-06,35.779998779296875,35.79999923706055,34.220001220703125,,0.0,1.0,0.0,0
2023-06-07,35.31999969482422,35.79999923706055,34.95000076293945,,0.0,1.0,0.0,0
2023-06-09,35.790000915527344,36.22999954223633,35.38999938964844,,0.0,1.0,0.0,0
2023-06-12,35.34000015258789,36.0099983215332,35.279998779296875,,0.0,1.0,0.0,0
2023-06-13,34.95000076293945,35.650001525878906,34.72999954223633,,0.0,1.0,0.0,0
2023-06-14,35.599998474121094,35.97999954223633,34.91999816894531,,0.0,1.0,0.0,0
2023-06-15,35.66999816894531,35.66999816894531,34.209999084472656,,0.0,1.0,0.0,0
2023-06-16,36.16999816894531,36.29999923706055,35.43000030517578,,0.0,1.0,0.0,0
2023-06-19,35.91999816894531,36.599998474121094,35.720001220703125,,0.0,1.0,0.0,0
2023-06-20,35.529998779296875,36.150001525878906,35.41999816894531,,0.0,1.0,0.0,0
2023-06-21,35.970001220703125,36.439998626708984,35.34000015258789,,0.0,1.0,0.0,0
2023-06-22,36.22999954223633,36.52000045776367,35.61000061035156,,0.0,1.0,0.0,0
2023-06-23,35.2599983215332,36.36000061035156,35.099998474121094,,0.0,1.0,0.0,0
2023-06-26,36.0,36.25,35.060001373291016,,0.0,1.0,0.0,0
2023-06-27,35.349998474121094,36.20000076293945,35.11000061035156,,0.0,1.0,0.0,0
2023-06-28,35.619998931884766,36.2400016784668,35.2400016784668,,0.0,1.0,0.0,0
2023-06-29,36.08000183105469,36.279998779296875,35.52000045776367,,0.0,1.0,0.0,0
2023-06-30,36.150001525878906,36.400001525878906,35.900001525878906,,0.0,1.0,0.0,0
2023-07-03,37.02000045776367,37.060001373291016,36.0,,0.0,1.0,0.0,0
2023-07-04,36.5099983215332,37.15999984741211,36.4900016784668,,0.0,1.0,0.0,0
2023-07-05,36.0,36.470001220703125,35.97999954223633,,0.0,1.0,0.0,0
2023-07-06,35.7599983215332,36.119998931884766,35.33000183105469,,0.0,1.0,0.0,0
2023-07-07,36.650001525878906,36.83000183105469,35.720001220703125,,0.0,1.0,0.0,0
2023-07-10,36.72999954223633,36.81999969482422,36.20000076293945,,0.0,1.0,0.0,0
2023-07-11,36.869998931884766,37.040000915527344,36.54999923706055,,0.0,1.0,0.0,0
2023-07-12,38.58000183105469,38.65999984741211,37.060001373291016,,0.0,1.0,0.0,0
2023-07-13,39.0,39.150001525878906,38.220001220703125,,0.0,1.0,0.0,0
2023-07-14,38.939998626708984,39.439998626708984,38.63999938964844,,0.0,1.0,0.0,0
2023-07-17,39.099998474121094,39.29999923706055,38.720001220703125,,0.0,1.0,0.0,0
2023-07-18,39.939998626708984,40.0,38.41999816894531,,0.0,1.0,0.0,0
2023-07-19,39.88999938964844,40.13999938964844,39.70000076293945,,0.0,1.0,0.0,0
2023-07-20,39.63999938964844,39.900001525878906,39.369998931884766,,0.0,1.0,0.0,0
2023-07-21,39.43000030517578,39.79999923706055,39.18000030517578,,0.0,1.0,0.0,0
2023-07-24,39.79999923706055,39.79999923706055,39.0099983215332,,0.0,1.0,0.0,0
2023-07-25,39.650001525878906,39.79999923706055,39.11000061035156,,0.0,1.0,0.0,0
2023-07-26,39.59000015258789,39.779998779296875,39.279998779296875,,0.0,1.0,0.0,0
2023-07-27,40.47999954223633,40.599998474121094,39.52000045776367,,0.0,1.0,0.0,0
2023-07-28,40.52000045776367,40.63999938964844,40.029998779296875,,0.0,1.0,0.0,0
2023-07-31,40.65999984741211,40.88999938964844,40.400001525878906,,0.0,1.0,0.0,0
2023-08-01,40.33000183105469,40.650001525878906,39.849998474121094,,0.0,1.0,0.0,0
2023-08-02,39.540000915527344,40.0,39.5099983215332,,0.0,1.0,0.0,0
2023-08-03,39.779998779296875,39.900001525878906,39.20000076293945,,0.0,1.0,0.0,0
2023-08-04,40.34000015258789,40.439998626708984,39.849998474121094,,0.0,1.0,0.0,0
2023-08-07,39.88999938964844,40.25,39.650001525878906,,0.0,1.0,0.0,0
2023-08-08,39.209999084472656,39.81999969482422,38.869998931884766,,0.0,1.0,0.0,0
2023-08-09,39.20000076293945,39.720001220703125,39.02000045776367,,0.0,1.0,0.0,0
2023-08-10,39.54999923706055,39.900001525878906,39.119998931884766,,0.0,1.0,0.0,0
2023-08-11,39.0,39.459999084472656,38.720001220703125,,0.0,1.0,0.0,0
2023-08-14,38.599998474121094,39.209999084472656,38.41999816894531,,0.0,1.0,0.0,0
2023-08-16,37.130001068115234,38.5,36.95000076293945,,0.0,1.0,0.0,0
2023-08-17,36.599998474121094,37.150001525878906,36.34000015258789,,0.0,1.0,0.0,0
2023-08-18,36.77000045776367,36.91999816894531,36.25,,0.0,1.0,0.0,0
2023-08-21,37.060001373291016,37.27000045776367,36.599998474121094,,0.0,1.0,0.0,0
2023-08-22,36.709999084472656,37.33000183105469,36.61000061035156,,0.0,1.0,0.0,0
2023-08-23,37.02000045776367,37.290000915527344,36.529998779296875,,0.0,1.0,0.0,0
2023-08-24,37.400001525878906,37.790000915527344,37.36000061035156,,0.0,1.0,0.0,0
2023-08-25,37.130001068115234,37.810001373291016,36.900001525878906,,0.0,1.0,0.0,0
2023-08-28,37.93000030517578,38.0,37.130001068115234,,0.0,1.0,0.0,0
2023-08-29,37.880001068115234,38.380001068115234,37.70000076293945,,0.0,1.0,0.0,0
2023-08-30,38.060001373291016,38.25,37.7599983215332,,0.0,1.0,0.0,0
2023-08-31,37.349998474121094,38.31999969482422,37.25,,0.0,1.0,0.0,0
2023-09-01,37.86000061035156,38.040000915527344,37.18000030517578,,0.0,0.0,0.0,0
2023-09-04,37.5099983215332,38.060001373291016,37.400001525878906,,0.0,0.0,0.0,0
2023-09-05,37.16999816894531,37.84000015258789,37.029998779296875,,0.0,0.0,0.0,0
2023-09-06,35.34000015258789,37.099998474121094,34.0,,0.0,0.0,0.0,0
2023-09-07,35.2599983215332,35.58000183105469,34.65999984741211,,0.0,0.0,0.0,0
2023-09-08,35.16999816894531,35.599998474121094,34.77000045776367,,0.0,0.0,0.0,0
2023-09-11,35.13999938964844,35.599998474121094,35.040000915527344,,0.0,0.0,0.0,0
2023-09-12,35.2599983215332,35.279998779296875,34.70000076293945,,0.0,0.0,0.0,0
2023-09-13,35.33000183105469,35.5,35.029998779296875,,0.0,0.0,0.0,0
2023-09-14,35.5099983215332,35.68000030517578,35.16999816894531,,0.0,0.0,0.0,0
2023-09-15,35.540000915527344,35.93000030517578,35.380001068115234,,0.0,0.0,0.0,0
2023-09-18,34.689998626708984,35.7400016784668,34.58000183105469,,0.0,0.0,0.0,0
2023-09-19,35.13999938964844,35.279998779296875,34.54999923706055,,0.0,0.0,0.0,0
2023-09-20,35.630001068115234,35.79999923706055,34.93000030517578,,0.0,0.0,0.0,0
2023-09-21,35.279998779296875,35.630001068115234,34.9900016784668,,0.0,0.0,0.0,0
2023-09-22,34.59000015258789,35.209999084472656,34.45000076293945,,0.0,0.0,0.0,0
2023-09-25,33.88999938964844,34.77000045776367,33.88999938964844,,0.0,0.0,0.0,0
2023-09-26,34.77000045776367,35.0,33.59000015258789,,0.0,0.0,0.0,0
2023-09-27,34.0099983215332,34.93000030517578,33.95000076293945,,0.0,0.0,0.0,0
2023-09-28,33.959999084472656,34.09000015258789,33.529998779296875,,0.0,0.0,0.0,0
2023-09-29,34.720001220703125,34.97999954223633,33.970001220703125,,0.0,0.0,0.0,0
2023-10-02,33.7599983215332,34.66999816894531,33.68000030517578,,0.0,0.0,0.0,0
2023-10-03,33.880001068115234,34.27000045776367,33.459999084472656,,0.0,0.0,0.0,0
2023-10-04,34.56999969482422,35.77000045776367,33.41999816894531,,0.0,0.0,0.0,0
2023-10-05,34.790000915527344,35.0,34.36000061035156,,0.0,0.0,0.0,0
2023-10-06,36.29999923706055,37.09000015258789,34.88999938964844,,0.0,0.0,0.0,0
2023-10-09,36.70000076293945,37.209999084472656,35.5099983215332,,0.0,0.0,0.0,0
2023-10-10,38.400001525878906,38.63999938964844,37.04999923706055,,0.0,0.0,0.0,0
2023-10-11,39.290000915527344,39.599998474121094,38.29999923706055,,0.0,0.0,0.0,0
2023-10-12,38.869998931884766,39.86000061035156,38.599998474121094,,0.0,0.0,0.0,0
2023-10-13,38.650001525878906,39.06999969482422,37.7599983215332,,0.0,0.0,0.0,0
2023-10-16,43.0,43.689998626708984,40.2400016784668,,0.0,0.0,0.0,0
2023-10-17,43.099998474121094,44.93000030517578,42.4900016784668,,0.0,0.0,0.0,0
2023-10-18,41.81999969482422,43.09000015258789,41.61000061035156,,0.0,0.0,0.0,0
2023-10-19,40.54999923706055,41.58000183105469,40.439998626708984,,0.0,1.0,0.0,0
2023-10-20,39.97999954223633,40.75,39.7599983215332,,0.0,1.0,0.0,0
2023-10-23,40.279998779296875,41.0,39.66999816894531,,0.0,1.0,0.0,0
2023-10-24,41.119998931884766,41.90999984741211,40.400001525878906,,0.0,1.0,0.0,0
2023-10-25,42.029998779296875,43.09000015258789,41.310001373291016,,0.0,1.0,0.0,0
2023-10-26,42.650001525878906,42.9900016784668,40.970001220703125,,0.0,1.0,0.0,0
2023-10-27,42.02000045776367,42.9900016784668,41.939998626708984,,0.0,1.0,0.0,0
2023-10-30,42.72999954223633,43.16999816894531,42.04999923706055,,0.0,1.0,0.0,0
2023-10-31,43.52000045776367,44.040000915527344,42.58000183105469,,0.0,1.0,0.0,0
2023-11-02,43.2400016784668,44.16999816894531,42.810001373291016,,0.0,1.0,0.0,0
2023-11-03,43.529998779296875,44.0,43.11000061035156,,0.0,1.0,0.0,0
2023-11-06,43.599998474121094,44.18000030517578,43.2599983215332,,0.0,1.0,0.0,0
2023-11-07,43.18000030517578,43.619998931884766,42.880001068115234,,0.0,1.0,0.0,0
2023-11-08,42.36000061035156,43.150001525878906,41.68000030517578,,0.0,1.0,0.0,0
2023-11-09,43.880001068115234,43.880001068115234,42.540000915527344,,0.0,1.0,0.0,0
2023-11-10,43.79999923706055,44.650001525878906,43.56999969482422,,0.0,1.0,0.0,0
2023-11-13,43.7400016784668,44.7400016784668,43.52000045776367,,0.0,1.0,0.0,0
2023-11-14,46.63999938964844,46.79999923706055,43.72999954223633,,0.0,1.0,0.0,0
2023-11-15,46.0,47.18000030517578,45.81999969482422,,0.0,1.0,0.0,0
2023-11-16,46.93000030517578,47.59000015258789,45.84000015258789,,0.0,1.0,0.0,0
2023-11-17,47.68000030517578,47.70000076293945,46.5099983215332,,0.0,1.0,0.0,0
2023-11-20,48.0,48.5,47.279998779296875,,0.0,1.0,0.0,0
2023-11-21,47.439998626708984,48.16999816894531,47.13999938964844,,0.0,1.0,0.0,0
2023-11-22,47.11000061035156,47.5,46.630001068115234,,0.0,1.0,0.0,0
2023-11-23,46.7400016784668,47.369998931884766,46.4900016784668,,0.0,1.0,0.0,0
2023-11-24,46.52000045776367,46.869998931884766,46.38999938964844,,0.0,1.0,0.0,0
2023-11-27,45.9900016784668,46.709999084472656,45.45000076293945,,0.0,1.0,0.0,0
2023-11-28,46.90999984741211,47.2400016784668,45.650001525878906,,0.0,1.0,0.0,0
2023-11-29,47.75,47.869998931884766,46.47999954223633,,0.0,1.0,0.0,0
2023-11-30,47.529998779296875,47.81999969482422,47.04999923706055,,0.0,1.0,0.0,0
2023-12-01,49.54999923706055,49.79999923706055,47.38999938964844,,0.0,1.0,0.0,0
2023-12-04,49.29999923706055,49.939998626708984,49.189998626708984,,0.0,1.0,0.0,0
2023-12-05,49.29999923706055,50.040000915527344,48.83000183105469,,0.0,1.0,0.0,0
2023-12-06,49.43000030517578,50.02000045776367,48.91999816894531,,0.0,1.0,0.0,0
2023-12-07,49.27000045776367,49.43000030517578,48.2599983215332,,0.0,1.0,0.0,0
2023-12-08,49.540000915527344,49.7400016784668,49.0,,0.0,1.0,0.0,0
2023-12-11,49.5099983215332,49.970001220703125,48.97999954223633,,0.0,1.0,0.0,0
2023-12-12,49.22999954223633,49.93000030517578,48.72999954223633,,0.0,1.0,0.0,0
2023-12-13,49.400001525878906,49.5099983215332,49.08000183105469,,0.0,1.0,0.0,0
2023-12-14,49.5,49.88999938964844,49.150001525878906,,0.0,1.0,0.0,0
2023-12-15,49.11000061035156,49.93000030517578,48.72999954223633,,0.0,1.0,0.0,0
2023-12-18,50.400001525878906,50.459999084472656,48.77000045776367,,0.0,1.0,0.0,0
2023-12-19,50.779998779296875,51.2599983215332,49.95000076293945,,0.0,1.0,0.0,0
2023-12-20,50.459999084472656,51.2599983215332,50.0,,0.0,1.0,0.0,0
2023-12-21,50.29999923706055,50.779998779296875,50.0,,0.0,1.0,0.0,0
2023-12-22,50.29999923706055,50.63999938964844,50.060001373291016,,0.0,1.0,0.0,0
2023-12-27,51.29999923706055,51.5,50.2599983215332,,0.0,1.0,0.0,0
2023-12-28,50.58000183105469,51.459999084472656,50.459999084472656,,0.0,1.0,0.0,0
2023-12-29,50.31999969482422,50.81999969482422,49.869998931884766,,0.0,1.0,0.0,0
2024-01-02,49.630001068115234,50.47999954223633,48.88999938964844,,0.0,1.0,0.0,0
2024-01-03,50.040000915527344,50.040000915527344,49.040000915527344,,0.0,1.0,0.0,0
2024-01-04,49.7400016784668,49.9900016784668,48.86000061035156,,0.0,1.0,0.0,0
2024-01-05,49.7400016784668,49.88999938964844,48.02000045776367,,0.0,1.0,0.0,0
2024-01-08,50.220001220703125,50.36000061035156,49.0,,0.0,1.0,0.0,0
2024-01-09,50.599998474121094,50.619998931884766,49.06999969482422,,0.0,1.0,0.0,0
2024-01-10,49.52000045776367,50.5,49.349998474121094,,0.0,1.0,0.0,0
2024-01-11,48.45000076293945,49.97999954223633,48.36000061035156,,0.0,1.0,0.0,0
2024-01-12,49.400001525878906,49.560001373291016,48.459999084472656,,0.0,1.0,0.0,0
2024-01-15,48.900001525878906,49.599998474121094,48.40999984741211,,0.0,1.0,0.0,0
2024-01-16,48.70000076293945,48.810001373291016,47.91999816894531,,0.0,1.0,0.0,0
2024-01-17,48.599998474121094,48.93000030517578,47.77000045776367,,0.0,1.0,0.0,0
2024-01-18,49.5,49.5099983215332,48.650001525878906,,0.0,1.0,0.0,0
2024-01-19,49.779998779296875,50.220001220703125,49.310001373291016,,0.0,1.0,0.0,0
2024-01-22,49.95000076293945,50.439998626708984,49.599998474121094,,0.0,1.0,0.0,0
2024-01-23,49.619998931884766,50.099998474121094,49.2599983215332,,0.0,1.0,0.0,0
2024-01-24,48.720001220703125,48.939998626708984,48.380001068115234,,0.0,1.0,0.0,0
2024-01-25,48.75,48.880001068115234,48.13999938964844,,0.0,1.0,0.0,0
2024-01-26,49.2599983215332,49.34000015258789,48.27000045776367,,0.0,1.0,0.0,0
2024-01-29,48.70000076293945,49.34000015258789,48.619998931884766,,0.0,1.0,0.0,0
2024-01-30,49.91999816894531,49.91999816894531,48.75,,0.0,1.0,0.0,0
2024-01-31,51.0,51.0,49.79999923706055,,0.0,1.0,0.0,0
2024-02-01,51.20000076293945,51.70000076293945,50.2400016784668,,0.0,1.0,0.0,0
2024-02-02,53.540000915527344,53.560001373291016,51.84000015258789,,0.0,1.0,0.0,0
2024-02-05,53.20000076293945,54.15999984741211,53.060001373291016,,0.0,1.0,0.0,0
2024-02-06,52.939998626708984,54.099998474121094,52.68000030517578,,0.0,1.0,0.0,0
2024-02-07,53.0,53.400001525878906,52.29999923706055,,0.0,1.0,0.0,0
2024-02-08,52.400001525878906,53.2400016784668,51.900001525878906,,0.0,1.0,0.0,0
2024-02-09,52.15999984741211,52.560001373291016,51.939998626708984,,0.0,1.0,0.0,0
2024-02-12,52.29999923706055,52.63999938964844,51.41999816894531,,0.0,1.0,0.0,0
2024-02-13,52.02000045776367,52.79999923706055,51.58000183105469,,0.0,1.0,0.0,0
2024-02-14,53.47999954223633,53.65999984741211,51.779998779296875,,0.0,1.0,0.0,0
2024-02-15,52.900001525878906,54.2400016784668,52.540000915527344,,0.0,1.0,0.0,0
2024-02-16,53.84000015258789,54.459999084472656,53.0,,0.0,1.0,0.0,0
2024-02-19,53.939998626708984,54.08000183105469,53.02000045776367,,0.0,1.0,0.0,0
2024-02-20,55.279998779296875,55.439998626708984,53.65999984741211,,0.0,1.0,0.0,0
2024-02-21,55.41999816894531,56.08000183105469,55.08000183105469,,0.0,1.0,0.0,0
2024-02-22,56.099998474121094,56.65999984741211,55.65999984741211,,0.0,1.0,0.0,0
2024-02-23,56.5,56.880001068115234,55.939998626708984,,0.0,1.0,0.0,0
2024-02-26,55.81999969482422,56.7599983215332,55.7599983215332,,0.0,1.0,0.0,0
2024-02-27,55.29999923706055,55.959999084472656,54.86000061035156,,0.0,1.0,0.0,0
2024-02-28,54.459999084472656,55.5,54.439998626708984,,0.0,1.0,0.0,0
2024-02-29,55.560001373291016,56.099998474121094,54.41999816894531,,0.0,1.0,0.0,0
2024-03-01,56.2400016784668,56.29999923706055,55.560001373291016,,0.0,1.0,0.0,0
2024-03-04,56.41999816894531,56.86000061035156,56.13999938964844,,0.0,1.0,0.0,0
2024-03-05,55.20000076293945,56.29999923706055,55.099998474121094,,0.0,1.0,0.0,0
2024-03-06,55.2599983215332,55.7599983215332,54.599998474121094,,0.0,1.0,0.0,0
2024-03-07,53.47999954223633,54.86000061035156,52.099998474121094,,0.0,1.0,0.0,0
2024-03-08,53.36000061035156,53.68000030517578,51.65999984741211,,0.0,1.0,0.0,0
2024-03-11,55.0,55.060001373291016,52.81999969482422,,0.0,1.0,0.0,0
2024-03-12,56.86000061035156,56.880001068115234,54.08000183105469,,0.0,1.0,0.0,0
2024-03-13,56.29999923706055,57.65999984741211,56.060001373291016,,0.0,1.0,0.0,0
2024-03-14,56.29999923706055,56.619998931884766,55.58000183105469,,0.0,1.0,0.0,0
2024-03-15,55.31999969482422,57.040000915527344,54.02000045776367,,0.0,1.0,0.0,0
2024-03-18,55.52000045776367,55.65999984741211,54.400001525878906,,0.0,1.0,0.0,0
2024-03-19,55.279998779296875,56.040000915527344,54.220001220703125,,0.0,1.0,0.0,0
2024-03-20,56.20000076293945,56.31999969482422,54.900001525878906,,0.0,1.0,0.0,0
2024-03-21,58.099998474121094,58.099998474121094,56.79999923706055,,0.0,1.0,0.0,0
2024-03-22,57.619998931884766,58.52000045776367,57.400001525878906,,0.0,1.0,0.0,0
2024-03-25,57.099998474121094,58.08000183105469,57.099998474121094,,0.0,1.0,0.0,0
2024-03-26,58.20000076293945,58.400001525878906,56.619998931884766,,0.0,1.0,0.0,0
2024-03-27,58.400001525878906,58.58000183105469,57.7400016784668,,0.0,1.0,0.0,0
2024-03-28,59.34000015258789,59.65999984741211,58.29999923706055,,0.0,1.0,0.0,0
2024-04-02,59.0,60.13999938964844,58.939998626708984,,0.0,1.0,0.0,0
2024-04-03,59.20000076293945,59.91999816894531,58.7400016784668,,0.0,1.0,0.0,0
2024-04-04,60.0,60.099998474121094,58.91999816894531,,0.0,1.0,0.0,0
2024-04-05,60.2400016784668,60.34000015258789,59.20000076293945,,0.0,1.0,0.0,0
2024-04-08,61.040000915527344,61.52000045776367,59.79999923706055,,0.0,1.0,0.0,0
2024-04-09,59.20000076293945,61.119998931884766,59.02000045776367,,0.0,1.0,0.0,0
2024-04-10,59.939998626708984,60.63999938964844,59.29999923706055,,0.0,1.0,0.0,0
2024-04-11,58.20000076293945,60.20000076293945,58.060001373291016,,0.0,1.0,0.0,0
2024-04-12,57.79999923706055,59.099998474121094,57.79999923706055,,0.0,1.0,0.0,0
2024-04-15,58.18000030517578,58.7400016784668,57.79999923706055,,0.0,1.0,0.0,0
2024-04-16,55.86000061035156,57.720001220703125,55.619998931884766,,0.0,1.0,0.0,0
2024-04-17,57.939998626708984,58.279998779296875,56.119998931884766,,0.0,1.0,0.0,0
2024-04-18,58.84000015258789,58.900001525878906,57.52000045776367,,0.0,1.0,0.0,0
2024-04-19,59.119998931884766,59.15999984741211,57.939998626708984,,0.0,1.0,0.0,0
2024-04-22,60.119998931884766,60.439998626708984,59.31999969482422,,0.0,1.0,0.0,0
2024-04-23,62.58000183105469,63.08000183105469,60.20000076293945,,0.0,1.0,0.0,0
2024-04-24,62.619998931884766,62.91999816894531,61.97999954223633,,0.0,1.0,0.0,0
2024-04-25,62.0,62.779998779296875,61.63999938964844,,0.0,1.0,0.0,0
2024-04-26,61.70000076293945,62.720001220703125,61.41999816894531,,0.0,1.0,0.0,0
2024-04-29,61.52000045776367,62.20000076293945,60.31999969482422,,0.0,1.0,0.0,0
2024-04-30,60.70000076293945,61.900001525878906,60.41999816894531,,0.0,1.0,0.0,0
2024-05-02,60.060001373291016,61.540000915527344,59.619998931884766,,0.0,1.0,0.0,0
2024-05-06,61.20000076293945,61.540000915527344,59.380001068115234,,0.0,1.0,0.0,0
2024-05-07,60.619998931884766,61.70000076293945,60.15999984741211,,0.0,1.0,0.0,0
2024-05-08,60.779998779296875,60.91999816894531,60.0,,0.0,1.0,0.0,0
2024-05-09,60.619998931884766,61.7599983215332,60.540000915527344,,0.0,1.0,0.0,0
2024-05-10,57.560001373291016,61.2599983215332,57.560001373291016,,0.0,1.0,0.0,0
2024-05-13,58.060001373291016,58.459999084472656,57.279998779296875,,0.0,1.0,0.0,0
2024-05-14,57.68000030517578,58.20000076293945,56.63999938964844,,0.0,1.0,0.0,0
2024-05-15,57.599998474121094,57.880001068115234,56.84000015258789,,0.0,1.0,0.0,0
2024-05-16,57.47999954223633,58.18000030517578,57.119998931884766,,0.0,1.0,0.0,0
2024-05-17,57.060001373291016,57.459999084472656,56.220001220703125,,0.0,1.0,0.0,0
2024-05-20,57.20000076293945,57.63999938964844,56.939998626708984,,0.0,1.0,0.0,0
2024-05-21,57.13999938964844,57.18000030517578,56.599998474121094,,0.0,1.0,0.0,0
2024-05-22,57.0,57.13999938964844,56.439998626708984,,0.0,1.0,0.0,0
2024-05-23,58.34000015258789,59.040000915527344,57.040000915527344,,0.0,1.0,0.0,0
2024-05-24,58.02000045776367,58.13999938964844,57.279998779296875,,0.0,1.0,0.0,0
2024-05-27,58.29999923706055,58.58000183105469,57.97999954223633,,0.0,1.0,0.0,0
2024-05-28,57.939998626708984,58.65999984741211,57.540000915527344,,0.0,1.0,0.0,0
2024-05-29,57.459999084472656,58.20000076293945,57.34000015258789,,0.0,0.0,0.0,0
2024-05-31,59.36000061035156,60.15999984741211,57.7599983215332,,0.0,0.0,0.0,0
2024-06-03,59.0,60.279998779296875,58.91999816894531,,0.0,0.0,0.0,0
2024-06-04,56.18000030517578,59.20000076293945,55.880001068115234,,0.0,0.0,0.0,0
2024-06-05,57.02000045776367,57.29999923706055,56.220001220703125,,0.0,0.0,0.0,0
2024-06-06,57.720001220703125,57.91999816894531,57.0,,0.0,0.0,0.0,0
2024-06-07,56.939998626708984,57.91999816894531,56.36000061035156,,0.0,0.0,0.0,0
2024-06-10,56.540000915527344,56.939998626708984,55.97999954223633,,0.0,0.0,0.0,0
2024-06-11,56.18000030517578,57.18000030517578,55.779998779296875,,0.0,0.0,0.0,0
2024-06-12,57.34000015258789,57.939998626708984,56.29999923706055,,0.0,0.0,0.0,0
2024-06-13,56.68000030517578,57.5,56.58000183105469,,0.0,0.0,0.0,0
2024-06-14,57.29999923706055,57.400001525878906,56.68000030517578,,0.0,0.0,0.0,0
2024-06-17,58.58000183105469,58.68000030517578,56.959999084472656,,0.0,0.0,0.0,0
2024-06-18,59.2400016784668,60.459999084472656,58.900001525878906,,0.0,0.0,0.0,0
2024-06-19,60.5,60.91999816894531,58.400001525878906,,0.0,0.0,0.0,0
2024-06-20,61.29999923706055,62.29999923706055,60.68000030517578,,0.0,0.0,0.0,0
2024-06-21,60.599998474121094,61.79999923706055,60.31999969482422,,0.0,0.0,0.0,0
2024-06-24,61.47999954223633,61.779998779296875,60.060001373291016,,0.0,0.0,0.0,0
2024-06-25,62.52000045776367,62.86000061035156,61.099998474121094,,0.0,0.0,0.0,0
2024-06-26,62.2599983215332,62.880001068115234,61.97999954223633,,0.0,0.0,0.0,0
2024-06-27,62.63999938964844,62.79999923706055,62.119998931884766,,0.0,0.0,0.0,0
2024-06-28,62.91999816894531,63.439998626708984,62.380001068115234,,0.0,0.0,0.0,0
2024-07-01,62.58000183105469,63.540000915527344,62.439998626708984,,0.0,1.0,0.0,0
2024-07-02,61.84000015258789,62.5,61.41999816894531,,0.0,1.0,0.0,0
2024-07-03,61.70000076293945,62.79999923706055,61.52000045776367,,0.0,1.0,0.0,0
2024-07-04,61.86000061035156,62.29999923706055,61.439998626708984,,0.0,1.0,0.0,0
2024-07-05,61.040000915527344,62.040000915527344,60.91999816894531,,0.0,1.0,0.0,0
2024-07-08,61.459999084472656,61.79999923706055,60.720001220703125,,0.0,1.0,0.0,0
2024-07-09,61.70000076293945,62.08000183105469,61.20000076293945,,0.0,1.0,0.0,0
2024-07-10,61.41999816894531,62.119998931884766,61.2400016784668,,0.0,1.0,0.0,0
2024-07-11,61.36000061035156,61.91999816894531,61.060001373291016,,0.0,1.0,0.0,0
2024-07-12,61.279998779296875,61.47999954223633,60.91999816894531,,0.0,1.0,0.0,0
2024-07-15,61.18000030517578,61.5,60.58000183105469,,0.0,1.0,0.0,0
2024-07-16,59.68000030517578,61.2400016784668,59.63999938964844,,0.0,1.0,0.0,0
2024-07-17,58.880001068115234,60.279998779296875,58.15999984741211,,0.0,1.0,0.0,0
2024-07-18,61.0,61.060001373291016,59.119998931884766,,0.0,1.0,0.0,0
2024-07-19,60.15999984741211,61.099998474121094,59.02000045776367,,0.0,1.0,0.0,0
2024-07-22,60.79999923706055,61.040000915527344,60.13999938964844,,0.0,1.0,0.0,0
2024-07-23,59.400001525878906,60.68000030517578,58.939998626708984,,0.0,1.0,0.0,0
2024-07-24,59.279998779296875,60.02000045776367,58.68000030517578,,0.0,1.0,0.0,0
2024-07-25,59.20000076293945,59.279998779296875,58.2400016784668,,0.0,1.0,0.0,0
2024-07-26,59.13999938964844,59.880001068115234,58.79999923706055,,0.0,1.0,0.0,0
2024-07-29,59.36000061035156,60.15999984741211,58.959999084472656,,0.0,1.0,0.0,0
2024-07-30,58.400001525878906,59.779998779296875,58.2599983215332,,0.0,1.0,0.0,0
2024-07-31,58.959999084472656,59.540000915527344,58.58000183105469,,0.0,1.0,0.0,0
2024-08-01,57.959999084472656,59.540000915527344,57.619998931884766,,0.0,1.0,0.0,0
2024-08-02,55.880001068115234,57.380001068115234,55.279998779296875,,0.0,1.0,0.0,0
2024-08-05,54.060001373291016,54.439998626708984,52.959999084472656,,0.0,0.0,0.0,0
2024-08-06,52.68000030517578,54.63999938964844,51.81999969482422,,0.0,0.0,0.0,0
2024-08-07,49.84000015258789,50.97999954223633,49.7400016784668,,0.0,0.0,0.0,0
2024-08-08,50.720001220703125,50.79999923706055,48.5,,0.0,0.0,0.0,0
2024-08-09,51.91999816894531,52.65999984741211,51.060001373291016,,0.0,0.0,0.0,0
2024-08-12,54.040000915527344,54.040000915527344,51.58000183105469,,0.0,0.0,0.0,0
2024-08-13,53.720001220703125,55.099998474121094,53.47999954223633,,0.0,0.0,0.0,0
2024-08-14,54.70000076293945,54.79999923706055,53.900001525878906,,0.0,0.0,0.0,0
2024-08-16,56.720001220703125,57.0,55.0,,0.0,0.0,0.0,0
2024-08-19,57.13999938964844,57.2599983215332,56.040000915527344,,0.0,0.0,0.0,0
2024-08-20,56.0,57.20000076293945,55.63999938964844,,0.0,0.0,0.0,0
2024-08-21,55.91999816894531,56.63999938964844,55.79999923706055,,0.0,0.0,0.0,0
2024-08-22,56.58000183105469,57.7400016784668,56.459999084472656,,0.0,0.0,0.0,0
2024-08-23,57.65999984741211,58.29999923706055,57.0,,0.0,0.0,0.0,0
2024-08-26,56.81999969482422,57.939998626708984,56.279998779296875,,0.0,0.0,0.0,0
2024-08-27,56.47999954223633,57.02000045776367,55.5,,0.0,0.0,0.0,0
2024-08-28,56.560001373291016,56.79999923706055,55.79999923706055,,0.0,0.0,0.0,0
2024-08-29,57.70000076293945,58.15999984741211,56.560001373291016,,0.0,0.0,0.0,0
2024-08-30,57.880001068115234,58.060001373291016,57.13999938964844,,0.0,0.0,0.0,0
2024-09-02,58.720001220703125,59.08000183105469,57.060001373291016,,0.0,0.0,0.0,0
2024-09-03,58.040000915527344,59.0,58.040000915527344,,0.0,0.0,0.0,0
2024-09-04,58.279998779296875,58.31999969482422,57.040000915527344,,0.0,0.0,0.0,0
2024-09-05,57.959999084472656,58.939998626708984,57.47999954223633,,0.0,0.0,0.0,0
2024-09-06,56.29999923706055,57.880001068115234,56.29999923706055,,0.0,0.0,0.0,0
2024-09-09,56.86000061035156,57.040000915527344,56.02000045776367,,0.0,0.0,0.0,0
2024-09-10,56.58000183105469,57.279998779296875,55.7400016784668,,0.0,0.0,0.0,0
2024-09-11,54.02000045776367,56.380001068115234,53.91999816894531,,0.0,0.0,0.0,0
2024-09-12,55.15999984741211,55.5,54.63999938964844,,0.0,0.0,0.0,0
2024-09-13,57.18000030517578,57.18000030517578,55.29999923706055,,0.0,0.0,0.0,0
2024-09-16,55.81999969482422,57.279998779296875,52.5,,0.0,0.0,0.0,0
2024-09-17,56.34000015258789,56.84000015258789,55.68000030517578,,0.0,0.0,0.0,0
2024-09-18,56.540000915527344,57.0,56.08000183105469,,0.0,0.0,0.0,0
2024-09-19,57.0,57.099998474121094,55.79999923706055,,0.0,0.0,0.0,0
2024-09-20,55.7400016784668,57.119998931884766,55.02000045776367,,0.0,0.0,0.0,0
2024-09-23,55.7400016784668,56.5,55.15999984741211,,0.0,0.0,0.0,0
2024-09-24,57.36000061035156,57.939998626708984,56.13999938964844,,0.0,1.0,0.0,0
2024-09-25,57.2599983215332,57.720001220703125,56.560001373291016,,0.0,1.0,0.0,0
2024-09-26,58.18000030517578,58.91999816894531,57.58000183105469,,0.0,1.0,0.0,0
2024-09-27,58.2599983215332,58.560001373291016,57.5,,0.0,1.0,0.0,0
2024-09-30,55.97999954223633,58.18000030517578,55.97999954223633,,0.0,0.0,0.0,0
2024-10-01,54.86000061035156,56.34000015258789,54.459999084472656,0.5470468212425024,0.0,0.0,0.0,0
2024-10-02,54.79999923706055,55.58000183105469,54.400001525878906,0.5378240490110778,0.0,0.0,0.0,0
2024-10-03,53.91999816894531,54.63999938964844,53.70000076293945,0.4892049440097165,0.0,0.0,0.0,0
2024-10-04,54.08000183105469,54.41999816894531,53.439998626708984,0.5159256781531089,0.0,0.0,0.0,0
2024-10-07,54.13999938964844,54.65999984741211,53.29999923706055,0.5305454898860053,0.0,0.0,0.0,0
2024-10-08,55.02000045776367,55.599998474121094,53.439998626708984,0.6965639573113305,1.0,0.0,0.0,0
2024-10-09,56.81999969482422,57.060001373291016,54.560001373291016,0.8005775022794324,1.0,1.0,1.0,1
2024-10-10,56.91999816894531,57.279998779296875,56.47999954223633,0.7693474395025109,1.0,1.0,1.0,1
2024-10-11,58.15999984741211,58.459999084472656,57.0,0.791819533531411,1.0,1.0,1.0,1
2024-10-14,58.220001220703125,58.7599983215332,57.84000015258789,0.771667898698366,1.0,1.0,1.0,1
2024-10-15,58.2400016784668,58.720001220703125,57.939998626708984,0.7682604765526027,1.0,1.0,1.0,1
2024-10-16,58.619998931884766,59.380001068115234,58.0,0.7707209808322552,1.0,1.0,1.0,1
2024-10-17,57.380001068115234,59.2599983215332,57.15999984741211,0.7737995138474529,1.0,1.0,1.0,1
2024-10-18,57.720001220703125,58.439998626708984,57.08000183105469,0.7996417955933546,1.0,1.0,1.0,1
2024-10-21,56.220001220703125,57.79999923706055,56.220001220703125,0.6491336777880878,1.0,0.0,0.0,0
2024-10-22,55.52000045776367,56.47999954223633,55.20000076293945,0.5983852740437258,1.0,0.0,0.0,0
2024-10-23,56.099998474121094,56.400001525878906,55.279998779296875,0.6694438662013952,1.0,0.0,0.0,0
2024-10-24,56.18000030517578,57.20000076293945,55.540000915527344,0.726699459925604,1.0,0.0,0.0,0
2024-10-25,55.939998626708984,56.31999969482422,55.5,0.6793988401011242,1.0,0.0,0.0,0
2024-10-28,55.439998626708984,56.63999938964844,55.099998474121094,0.6389019435852381,1.0,0.0,0.0,0
2024-10-29,57.5,57.5,55.5,0.8331408159152504,1.0,0.0,0.0,0
2024-10-30,56.0,57.5,55.84000015258789,0.7097162034356063,1.0,0.0,0.0,0
2024-10-31,55.79999923706055,56.279998779296875,55.20000076293945,0.6790553365022752,1.0,0.0,0.0,0
2024-11-04,57.959999084472656,58.29999923706055,56.060001373291016,0.8505587099703549,1.0,1.0,1.0,1
2024-11-05,58.0,58.13999938964844,57.5,0.841855559859287,1.0,1.0,1.0,1
2024-11-06,59.13999938964844,60.119998931884766,58.31999969482422,0.8435782295048444,1.0,1.0,1.0,1
2024-11-07,60.0,60.900001525878906,58.959999084472656,0.8567755135037328,1.0,1.0,1.0,1
2024-11-08,59.58000183105469,60.380001068115234,58.68000030517578,0.7779812538618524,1.0,1.0,1.0,1
2024-11-12,58.63999938964844,60.2599983215332,58.5,0.8099990824418523,1.0,1.0,1.0,1
2024-11-13,57.29999923706055,58.70000076293945,57.040000915527344,0.6843131228751648,1.0,0.0,0.0,0
2024-11-14,59.119998931884766,59.34000015258789,57.31999969482422,0.8585688255982952,1.0,1.0,1.0,1
2024-11-15,56.380001068115234,59.040000915527344,56.29999923706055,0.6395240101076428,1.0,0.0,0.0,0
2024-11-18,55.900001525878906,57.29999923706055,55.2400016784668,0.6169047151728541,1.0,0.0,0.0,0
2024-11-19,53.900001525878906,56.18000030517578,52.31999969482422,0.5015986740295708,0.0,0.0,0.0,0
2024-11-20,53.939998626708984,54.86000061035156,53.47999954223633,0.5215661764806907,0.0,0.0,0.0,0
2024-11-21,54.220001220703125,54.68000030517578,53.0,0.5681524978401853,1.0,0.0,0.0,0
2024-11-22,54.36000061035156,54.619998931884766,52.81999969482422,0.5908017296620219,1.0,0.0,0.0,0
2024-11-25,54.380001068115234,55.08000183105469,53.91999816894531,0.5598030682366342,1.0,0.0,0.0,0
2024-11-26,54.279998779296875,54.91999816894531,53.81999969482422,0.5392411504183062,0.0,0.0,0.0,0
2024-11-27,54.400001525878906,54.63999938964844,53.65999984741211,0.5287792796629538,0.0,0.0,0.0,0
2024-11-28,55.439998626708984,56.02000045776367,54.400001525878906,0.6423539470207625,1.0,0.0,0.0,0
2024-11-29,55.900001525878906,56.040000915527344,55.2400016784668,0.6086647380112826,1.0,0.0,0.0,0
2024-12-02,57.84000015258789,57.900001525878906,55.81999969482422,0.6471103469680092,1.0,1.0,1.0,1
2024-12-03,57.79999923706055,58.400001525878906,57.34000015258789,0.5860132123678181,1.0,1.0,1.0,1
2024-12-04,59.099998474121094,59.68000030517578,57.599998474121094,0.669690220809967,1.0,1.0,1.0,1
2024-12-05,60.400001525878906,60.400001525878906,59.08000183105469,0.6280414532506431,1.0,1.0,1.0,1
2024-12-06,60.97999954223633,61.08000183105469,60.18000030517578,0.6139681637799969,1.0,0.0,0.0,0
2024-12-09,61.279998779296875,61.86000061035156,60.560001373291016,0.5759526919489383,1.0,1.0,1.0,1
2024-12-10,61.34000015258789,61.65999984741211,60.599998474121094,0.536502591859152,0.0,1.0,0.0,0
2024-12-11,60.7400016784668,61.560001373291016,60.70000076293945,0.5615027189312087,1.0,1.0,1.0,1
2024-12-12,61.34000015258789,61.58000183105469,60.70000076293945,0.5661528705521599,1.0,1.0,1.0,1
2024-12-13,61.119998931884766,61.779998779296875,61.08000183105469,0.5796337548990272,1.0,1.0,1.0,1
2024-12-16,60.79999923706055,61.560001373291016,60.31999969482422,0.5665960193944991,1.0,1.0,1.0,1
2024-12-17,59.47999954223633,60.91999816894531,59.31999969482422,0.49037380609185655,0.0,1.0,0.0,0
2024-12-18,60.29999923706055,60.599998474121094,59.400001525878906,0.521895708384126,0.0,1.0,0.0,0
2024-12-19,60.47999954223633,60.599998474121094,59.0,0.5726413314205608,1.0,1.0,1.0,1
2024-12-20,59.63999938964844,60.47999954223633,59.279998779296875,0.48298724561238277,0.0,1.0,0.0,0
2024-12-23,59.84000015258789,60.439998626708984,59.84000015258789,0.5313357819738278,0.0,1.0,0.0,0
2024-12-27,59.79999923706055,60.02000045776367,59.060001373291016,0.5180630872063324,0.0,1.0,0.0,0
2024-12-30,59.7599983215332,60.099998474121094,59.36000061035156,0.6275817639654907,1.0,1.0,1.0,1
2025-01-02,59.2599983215332,60.41999816894531,58.63999938964844,0.586076284725763,1.0,1.0,1.0,1
2025-01-03,60.29999923706055,60.41999816894531,59.36000061035156,0.7225773384223482,1.0,1.0,1.0,1
2025-01-07,60.68000030517578,61.560001373291016,60.279998779296875,0.6716981774980284,1.0,1.0,1.0,1
2025-01-08,60.36000061035156,61.18000030517578,59.779998779296875,0.646816099056973,1.0,1.0,1.0,1
2025-01-09,60.540000915527344,60.540000915527344,59.52000045776367,0.6544589111128704,1.0,1.0,1.0,1
2025-01-10,60.7400016784668,60.939998626708984,60.220001220703125,0.6316554058074982,1.0,1.0,1.0,1
2025-01-13,60.08000183105469,60.70000076293945,59.560001373291016,0.5734681814538447,1.0,1.0,1.0,1
2025-01-14,60.08000183105469,60.34000015258789,59.70000076293945,0.5657357704098116,1.0,1.0,1.0,1
2025-01-15,60.81999969482422,61.099998474121094,59.52000045776367,0.6453189937335208,1.0,1.0,1.0,1
2025-01-16,60.5,61.41999816894531,60.18000030517578,0.6072951892312946,1.0,1.0,1.0,1
2025-01-17,60.81999969482422,61.380001068115234,60.68000030517578,0.6189889255494481,1.0,1.0,1.0,1
2025-01-20,61.400001525878906,61.70000076293945,60.439998626708984,0.6204180429415264,1.0,1.0,1.0,1
2025-01-21,62.18000030517578,62.18000030517578,61.220001220703125,0.6161917854075687,1.0,1.0,1.0,1
2025-01-22,64.9800033569336,65.36000061035156,62.20000076293945,0.6055718506831961,1.0,1.0,1.0,0
2025-01-23,64.87999725341797,65.23999786376953,64.54000091552734,0.4793076642912044,0.0,1.0,0.0,0
2025-01-24,65.31999969482422,65.55999755859375,64.73999786376953,0.4775731169170563,0.0,1.0,0.0,0
2025-01-27,65.27999877929688,65.27999877929688,64.12000274658203,0.38635533829023483,0.0,1.0,0.0,0
2025-01-28,66.45999908447266,66.45999908447266,64.94000244140625,0.42440087986026515,0.0,1.0,0.0,0
2025-01-29,66.19999694824219,66.80000305175781,65.94000244140625,0.37639653542563556,0.0,1.0,0.0,0
2025-01-30,67.54000091552734,67.5999984741211,66.16000366210938,0.41566745413330836,0.0,1.0,0.0,0
2025-01-31,66.91999816894531,67.87999725341797,66.91999816894531,0.3881747475761099,0.0,1.0,0.0,0
2025-02-03,65.76000213623047,66.08000183105469,64.62000274658203,0.3706848409368224,0.0,1.0,0.0,0
2025-02-04,65.23999786376953,65.87999725341797,64.76000213623047,0.32752727379457575,0.0,1.0,0.0,0
2025-02-05,63.81999969482422,64.9800033569336,63.29999923706055,0.2750015124428842,0.0,1.0,0.0,0
2025-02-06,66.22000122070312,66.33999633789062,64.30000305175781,0.587389132884961,1.0,1.0,1.0,1
2025-02-07,67.4800033569336,67.69999694824219,66.22000122070312,0.5347437658708755,0.0,1.0,0.0,0
2025-02-10,67.37999725341797,67.62000274658203,66.9800033569336,0.47825868122828175,0.0,1.0,0.0,0
2025-02-11,68.54000091552734,68.81999969482422,66.80000305175781,0.4888732005200465,0.0,1.0,0.0,0
2025-02-12,70.22000122070312,70.37999725341797,68.9000015258789,0.4941768753684238,0.0,1.0,0.0,0
2025-02-13,71.5199966430664,72.33999633789062,70.4000015258789,0.5056774853979913,0.0,1.0,0.0,0
2025-02-14,70.26000213623047,71.58000183105469,69.91999816894531,0.4047733270568213,0.0,1.0,0.0,0
2025-02-17,70.22000122070312,70.83999633789062,69.44000244140625,0.42428254667670157,0.0,1.0,0.0,0
2025-02-18,73.13999938964844,73.5,70.5,0.45307450101524116,0.0,1.0,0.0,0
2025-02-19,72.19999694824219,73.80000305175781,71.72000122070312,0.43887615196303786,0.0,1.0,0.0,0
2025-02-20,71.45999908447266,72.0199966430664,70.87999725341797,0.5100947281613754,0.0,1.0,0.0,0
2025-02-21,70.94000244140625,71.95999908447266,70.77999877929688,0.4497886714632974,0.0,1.0,0.0,0
2025-02-24,68.55999755859375,70.9000015258789,68.27999877929688,0.3962482283146784,0.0,1.0,0.0,0
2025-02-25,68.94000244140625,69.44000244140625,67.62000274658203,0.42505505591053655,0.0,1.0,0.0,0
2025-02-26,70.22000122070312,70.30000305175781,68.87999725341797,0.49925307632074134,0.0,1.0,0.0,0
2025-02-27,69.9000015258789,71.08000183105469,69.12000274658203,0.5238824698883024,0.0,1.0,0.0,0
2025-02-28,69.0999984741211,69.69999694824219,68.4000015258789,0.45374624441690514,0.0,1.0,0.0,0
2025-03-03,69.91999816894531,70.0,67.95999908447266,0.5841817162266,1.0,1.0,1.0,1
2025-03-04,65.95999908447266,69.31999969482422,65.83999633789062,0.36082386396177896,0.0,1.0,0.0,0
2025-03-05,70.0,70.05999755859375,67.31999969482422,0.676050990031201,1.0,1.0,1.0,1
2025-03-06,72.0,72.0999984741211,70.05999755859375,0.6207712089752525,1.0,1.0,1.0,1
2025-03-07,73.0,73.23999786376953,70.63999938964844,0.6129575340269577,1.0,1.0,1.0,1
2025-03-10,70.80000305175781,73.12000274658203,70.0199966430664,0.6121942797358607,1.0,1.0,1.0,1
2025-03-11,70.31999969482422,71.66000366210938,69.95999908447266,0.5562710309764628,1.0,1.0,1.0,1
2025-03-12,71.63999938964844,71.72000122070312,70.81999969482422,0.6074039742294246,1.0,1.0,1.0,1
2025-03-13,74.0199966430664,74.69999694824219,71.80000305175781,0.6104192192531812,1.0,1.0,1.0,1
2025-03-14,78.12000274658203,78.62000274658203,73.68000030517578,0.5347359911712414,0.0,1.0,0.0,0
2025-03-17,79.12000274658203,79.23999786376953,77.72000122070312,0.48104154209139854,0.0,1.0,0.0,0
2025-03-18,80.04000091552734,81.08000183105469,79.08000183105469,0.4716797038146771,0.0,1.0,0.0,0
2025-03-19,79.30000305175781,80.9000015258789,78.83999633789062,0.39684857854847416,0.0,1.0,0.0,0
2025-03-20,78.30000305175781,79.4800033569336,77.45999908447266,0.36318504759763337,0.0,1.0,0.0,0
2025-03-21,76.12000274658203,78.0199966430664,75.23999786376953,0.4514122600165825,0.0,1.0,0.0,0
2025-03-24,76.77999877929688,77.30000305175781,76.26000213623047,0.4853738832058017,0.0,1.0,0.0,0
2025-03-25,78.69999694824219,79.0999984741211,76.81999969482422,0.5060124921180009,0.0,1.0,0.0,0
2025-03-26,78.5,79.66000366210938,77.95999908447266,0.5024540868700672,0.0,1.0,0.0,0
2025-03-27,77.9000015258789,78.22000122070312,76.62000274658203,0.5317987732449422,0.0,1.0,0.0,0
2025-03-28,76.69999694824219,77.5,76.31999969482422,0.44604774285596155,0.0,1.0,0.0,0
2025-03-31,75.19999694824219,76.30000305175781,74.4000015258789,0.4084297787243792,0.0,1.0,0.0,0
2025-04-01,75.72000122070312,76.72000122070312,75.30000305175781,0.7313015196624343,1.0,1.0,1.0,1
2025-04-02,75.58000183105469,76.16000366210938,74.22000122070312,0.7380670371008939,1.0,1.0,1.0,1
2025-04-03,71.91999816894531,74.80000305175781,71.5,0.6625661849712007,1.0,1.0,1.0,0
2025-04-04,64.04000091552734,71.9000015258789,63.15999984741211,0.5803805796088658,1.0,1.0,1.0,0
2025-04-07,64.91999816894531,66.0999984741211,59.41999816894531,0.6743550562299951,1.0,1.0,1.0,0
2025-04-08,67.4800033569336,67.80000305175781,64.30000305175781,0.701314091691133,1.0,1.0,1.0,1
2025-04-09,64.54000091552734,66.5,63.619998931884766,0.6222997260380715,1.0,1.0,1.0,1
2025-04-10,68.54000091552734,70.69999694824219,67.91999816894531,0.7200736236566392,1.0,1.0,1.0,1
2025-04-11,66.55999755859375,70.08000183105469,66.16000366210938,0.6815953402934538,1.0,1.0,1.0,1
2025-04-14,68.58000183105469,68.95999908447266,67.77999877929688,0.7400932763113245,1.0,1.0,1.0,1
2025-04-15,70.12000274658203,71.16000366210938,68.58000183105469,0.7730740778121268,1.0,1.0,1.0,1
2025-04-16,69.91999816894531,70.87999725341797,69.23999786376953,0.6868429005104294,1.0,1.0,1.0,1
2025-04-17,70.68000030517578,72.0,69.87999725341797,0.7037329693752554,1.0,1.0,1.0,1
2025-04-22,72.13999938964844,72.30000305175781,70.5,0.715820275712631,1.0,0.0,0.0,0
2025-04-23,76.04000091552734,76.19999694824219,72.94000244140625,0.7380385470087566,1.0,0.0,0.0,0
2025-04-24,76.62000274658203,76.9000015258789,74.54000091552734,0.6512286526888333,1.0,0.0,0.0,0
2025-04-25,76.19999694824219,77.66000366210938,75.95999908447266,0.5542544332171678,1.0,0.0,0.0,0
2025-04-28,75.81999969482422,77.08000183105469,75.5199966430664,0.5243290915142959,0.0,0.0,0.0,0
2025-04-29,75.83999633789062,76.9000015258789,75.0999984741211,0.5398467433687177,0.0,0.0,0.0,0
2025-04-30,72.37999725341797,76.4000015258789,72.19999694824219,0.5724048858729655,1.0,0.0,0.0,0
2025-05-02,75.0,75.04000091552734,73.36000061035156,0.7181892180563847,1.0,0.0,0.0,0
2025-05-05,74.72000122070312,74.9800033569336,73.5999984741211,0.7211277350402713,1.0,0.0,0.0,0
2025-05-06,73.0999984741211,74.5999984741211,71.55999755859375,0.6815272120041315,1.0,0.0,0.0,0
2025-05-07,73.95999908447266,74.80000305175781,72.63999938964844,0.7241083559198839,1.0,0.0,0.0,0
2025-05-08,74.55999755859375,75.5199966430664,73.94000244140625,0.7321176326553734,1.0,0.0,0.0,0
2025-05-09,78.27999877929688,78.33999633789062,75.05999755859375,0.7431406927622473,1.0,0.0,0.0,0
2025-05-12,78.0199966430664,80.5,77.86000061035156,0.6225281730586107,1.0,1.0,1.0,1
2025-05-13,78.19999694824219,78.4000015258789,76.41999816894531,0.5970631531797064,1.0,1.0,1.0,1
2025-05-14,78.95999908447266,79.19999694824219,77.5,0.5985280219166299,1.0,1.0,1.0,1
2025-05-15,77.62000274658203,78.68000030517578,77.31999969482422,0.7137397216255151,1.0,1.0,1.0,1
2025-05-16,77.16000366210938,78.37999725341797,76.16000366210938,0.7433966939905852,1.0,1.0,1.0,1
2025-05-19,75.5999984741211,76.05999755859375,73.19999694824219,0.6730285201416899,1.0,1.0,1.0,0
2025-05-20,76.0,76.80000305175781,75.62000274658203,0.7123649997398829,1.0,1.0,1.0,1
2025-05-21,75.18000030517578,76.23999786376953,74.37999725341797,0.7018275719916196,1.0,1.0,1.0,1
2025-05-22,74.9000015258789,75.16000366210938,74.26000213623047,0.742464699967997,1.0,1.0,1.0,1
2025-05-23,74.12000274658203,75.37999725341797,71.37999725341797,0.6797387241937553,1.0,1.0,1.0,0
2025-05-26,75.81999969482422,76.58000183105469,75.08000183105469,0.7891502599339913,1.0,1.0,1.0,1
2025-05-27,77.08000183105469,77.37999725341797,75.12000274658203,0.8400480313127212,1.0,1.0,1.0,1
2025-05-28,77.80000305175781,77.87999725341797,76.5,0.7865872342167635,1.0,1.0,1.0,1
2025-05-29,76.0199966430664,78.19999694824219,76.0199966430664,0.7520878019897468,1.0,1.0,1.0,1
2025-05-30,75.27999877929688,75.5199966430664,73.66000366210938,0.707649642246167,1.0,1.0,1.0,1
2025-06-02,72.94000244140625,73.13999938964844,67.0,0.644253816315457,1.0,1.0,1.0,0
2025-06-03,71.81999969482422,73.4000015258789,71.0199966430664,0.5989835126573712,1.0,1.0,1.0,1
2025-06-04,71.80000305175781,72.54000091552734,70.86000061035156,0.6029507330044263,1.0,1.0,1.0,1
2025-06-05,70.44000244140625,71.91999816894531,69.81999969482422,0.6251053984633411,1.0,1.0,1.0,1
2025-06-06,69.04000091552734,70.22000122070312,66.69999694824219,0.6128011130230429,1.0,1.0,1.0,0
2025-06-09,70.44000244140625,70.44000244140625,68.76000213623047,0.6943412670270029,1.0,1.0,1.0,1
2025-06-10,72.87999725341797,73.54000091552734,69.86000061035156,0.8243685770093059,1.0,1.0,1.0,1
2025-06-11,72.68000030517578,72.9000015258789,71.73999786376953,0.7443096673225218,1.0,1.0,1.0,1
2025-06-12,71.55999755859375,73.80000305175781,70.83999633789062,0.7274998725499969,1.0,1.0,1.0,1
2025-06-13,70.36000061035156,71.19999694824219,69.69999694824219,0.6805479394199188,1.0,1.0,1.0,1
2025-06-16,70.37999725341797,71.69999694824219,69.86000061035156,0.6793870720633544,1.0,1.0,1.0,1
2025-06-17,70.44000244140625,70.77999877929688,69.4800033569336,0.6814897522802705,1.0,0.0,0.0,0
2025-06-18,70.04000091552734,70.63999938964844,69.45999908447266,0.7001275861431832,1.0,0.0,0.0,0
2025-06-20,70.5199966430664,70.77999877929688,69.63999938964844,0.7364254600669478,1.0,0.0,0.0,0
2025-06-23,68.54000091552734,70.5,68.33999633789062,0.6976971412563279,1.0,0.0,0.0,0
2025-06-24,72.69999694824219,72.69999694824219,69.5999984741211,0.8423416395300269,1.0,0.0,0.0,0
2025-06-25,71.0999984741211,72.5,70.73999786376953,0.7379853395358049,1.0,0.0,0.0,0
2025-06-26,73.69999694824219,73.87999725341797,71.69999694824219,0.8234675424905553,1.0,0.0,0.0,0
2025-06-27,73.73999786376953,74.08000183105469,72.81999969482422,0.7387829182065807,1.0,0.0,0.0,0
2025-06-30,75.23999786376953,75.5999984741211,73.80000305175781,0.7055084029027583,1.0,0.0,0.0,0
2025-07-01,74.23999786376953,75.5999984741211,74.23999786376953,0.8656240663167794,1.0,0.0,0.0,0
2025-07-02,75.44000244140625,75.81999969482422,74.4000015258789,0.873151697693205,1.0,0.0,0.0,0
2025-07-03,77.4800033569336,77.69999694824219,75.4000015258789,0.8537492622743142,1.0,0.0,0.0,0
2025-07-04,76.91999816894531,78.0199966430664,75.83999633789062,0.8443263652823665,1.0,0.0,0.0,0
2025-07-07,76.94000244140625,77.5999984741211,76.54000091552734,0.8633181356397213,1.0,0.0,0.0,0
2025-07-08,78.5,78.5,77.0,0.7835260734681355,1.0,0.0,0.0,0
2025-07-09,79.37999725341797,79.45999908447266,78.23999786376953,0.7645486006962612,1.0,0.0,0.0,0
2025-07-10,77.5999984741211,79.55999755859375,77.5199966430664,0.8236936469348017,1.0,0.0,0.0,0
2025-07-11,77.87999725341797,78.18000030517578,76.87999725341797,0.8279201369905992,1.0,0.0,0.0,0
2025-07-14,78.18000030517578,78.5,77.33999633789062,0.8037846602234983,1.0,0.0,0.0,0
2025-07-15,78.5199966430664,79.73999786376953,78.0999984741211,0.8204837697181676,1.0,1.0,1.0,1
2025-07-16,78.91999816894531,79.36000061035156,77.63999938964844,0.7732129144272745,1.0,1.0,1.0,1
2025-07-17,80.63999938964844,80.91999816894531,78.69999694824219,0.8219746042496097,1.0,1.0,1.0,1
2025-07-18,82.22000122070312,83.18000030517578,81.0,0.7323984323112789,1.0,1.0,1.0,1
2025-07-21,80.54000091552734,82.62000274658203,79.95999908447266,0.7974649797530361,1.0,1.0,1.0,1
2025-07-22,79.80000305175781,81.0999984741211,79.19999694824219,0.7733249172595514,1.0,1.0,1.0,1
2025-07-23,79.87999725341797,81.27999877929688,79.26000213623047,0.7374627447423887,1.0,1.0,1.0,1
2025-07-24,82.27999877929688,82.36000061035156,80.18000030517578,0.8142961283933977,1.0,1.0,1.0,1
2025-07-25,82.37999725341797,82.37999725341797,81.4800033569336,0.8104237154633118,1.0,1.0,1.0,1
2025-07-28,80.36000061035156,83.16000366210938,80.0999984741211,0.8207095935255821,1.0,1.0,1.0,1
2025-07-29,82.05999755859375,82.16000366210938,79.81999969482422,0.8261503234361116,1.0,1.0,1.0,1
2025-07-30,82.77999877929688,82.77999877929688,81.5999984741211,0.7652364068096777,1.0,1.0,1.0,1
2025-07-31,82.37999725341797,83.54000091552734,82.05999755859375,0.8380953710610592,1.0,1.0,1.0,0
2025-08-01,81.16000366210938,82.26000213623047,80.4000015258789,0.7872626580293273,1.0,1.0,1.0,1
2025-08-04,76.72000122070312,76.95999908447266,75.36000061035156,0.7969711743134315,1.0,1.0,1.0,0
2025-08-05,76.4800033569336,77.83999633789062,76.12000274658203,0.8201442346638443,1.0,1.0,1.0,1
2025-08-06,79.4000015258789,79.54000091552734,76.86000061035156,0.8316753874431886,1.0,1.0,1.0,1
2025-08-07,81.5,82.12000274658203,79.30000305175781,0.8939003312360737,1.0,1.0,1.0,1
2025-08-08,83.5199966430664,83.94000244140625,80.81999969482422,0.8910233869102973,1.0,1.0,1.0,0
2025-08-11,82.87999725341797,83.94000244140625,82.45999908447266,0.9083287383524754,1.0,1.0,1.0,1
2025-08-12,83.37999725341797,83.87999725341797,82.0999984741211,0.8986181940795721,1.0,1.0,1.0,1
2025-08-13,85.13999938964844,86.45999908447266,84.0199966430664,0.8512985034830233,1.0,1.0,1.0,1
2025-08-14,83.27999877929688,84.55999755859375,82.30000305175781,0.8388866319059435,1.0,1.0,1.0,1
2025-08-18,82.5,83.62000274658203,80.69999694824219,0.8583407342935477,1.0,1.0,1.0,1
2025-08-19,82.94000244140625,83.5,81.63999938964844,0.8485082586172124,1.0,1.0,1.0,1
2025-08-20,82.58000183105469,83.5,81.5,0.8590149657481807,1.0,1.0,1.0,1
2025-08-21,83.73999786376953,83.76000213623047,82.23999786376953,0.8844167456173507,1.0,1.0,1.0,1
2025-08-22,73.5,78.0199966430664,73.5,0.7284206175183058,1.0,1.0,1.0,0
2025-08-25,74.45999908447266,74.91999816894531,73.68000030517578,0.7446765410322221,1.0,1.0,1.0,1
2025-08-26,74.30000305175781,74.81999969482422,73.05999755859375,0.7399295564552426,1.0,1.0,1.0,1
2025-08-27,73.77999877929688,74.83999633789062,73.13999938964844,0.7912591813930604,1.0,1.0,1.0,1
2025-08-28,73.19999694824219,74.5999984741211,73.0999984741211,0.7647187020263183,1.0,1.0,1.0,1
2025-08-29,71.0,73.63999938964844,70.55999755859375,0.7647581522699729,1.0,1.0,1.0,1
2025-09-01,70.12000274658203,71.80000305175781,69.31999969482422,0.7944284356656162,1.0,0.0,0.0,0
2025-09-02,71.13999938964844,71.58000183105469,68.83999633789062,0.7813902825212932,1.0,1.0,1.0,1
2025-09-03,71.62000274658203,72.5199966430664,71.04000091552734,0.8022768742128745,1.0,0.0,0.0,0
2025-09-04,73.5999984741211,74.05999755859375,70.16000366210938,0.8761710801218002,1.0,0.0,0.0,0
2025-09-05,71.26000213623047,74.55999755859375,71.26000213623047,0.8336600195570428,1.0,0.0,0.0,0
2025-09-08,72.86000061035156,73.5,71.72000122070312,0.863375427316426,1.0,0.0,0.0,0
2025-09-09,72.18000030517578,73.13999938964844,71.68000030517578,0.8501061659405209,1.0,0.0,0.0,0
2025-09-10,71.16000366210938,71.94000244140625,69.91999816894531,0.8318164016899241,1.0,0.0,0.0,0
2025-09-11,72.5999984741211,73.0999984741211,70.12000274658203,0.895562991542609,1.0,0.0,0.0,0
2025-09-12,71.87999725341797,73.41999816894531,71.80000305175781,0.8764925119625921,1.0,0.0,0.0,0
2025-09-15,71.81999969482422,72.9000015258789,71.22000122070312,0.8607676103485348,1.0,0.0,0.0,0
2025-09-16,70.54000091552734,72.30000305175781,70.30000305175781,0.8132045487398742,1.0,0.0,0.0,0
2025-09-17,69.9800033569336,70.95999908447266,69.72000122070312,0.8140760008372181,1.0,0.0,0.0,0
2025-09-18,69.91999816894531,70.73999786376953,69.63999938964844,0.7805810317787192,1.0,0.0,0.0,0
2025-09-19,70.22000122070312,70.45999908447266,69.5999984741211,0.7827086292955093,1.0,0.0,0.0,0
2025-09-22,69.04000091552734,69.87999725341797,68.69999694824219,0.7561461872303809,1.0,0.0,0.0,0
2025-09-23,69.33999633789062,70.18000030517578,69.27999877929688,0.8183185709833085,1.0,0.0,0.0,0
2025-09-24,69.45999908447266,69.80000305175781,67.91999816894531,0.7862658573676032,1.0,0.0,0.0,0
2025-09-25,68.45999908447266,69.9000015258789,67.77999877929688,0.7652839733449553,1.0,0.0,0.0,0
2025-09-26,70.5199966430664,70.81999969482422,68.12000274658203,0.8450428014397469,1.0,0.0,0.0,0
2025-09-29,70.18000030517578,71.31999969482422,69.94000244140625,0.8436225251450334,1.0,0.0,0.0,0
2025-09-30,70.4800033569336,70.5,69.54000091552734,0.8169822672249281,1.0,0.0,0.0,0
2025-10-01,71.18000030517578,71.62000274658203,69.63999938964844,0.7290443131818782,1.0,0.0,0.0,0
2025-10-02,73.80000305175781,75.05999755859375,71.37999725341797,0.6997194896797803,1.0,0.0,0.0,0
2025-10-03,73.68000030517578,74.80000305175781,73.31999969482422,0.6609552732182926,1.0,0.0,0.0,0
2025-10-06,73.27999877929688,74.5999984741211,73.19999694824219,0.6858038702464613,1.0,0.0,0.0,0
2025-10-07,73.55999755859375,74.95999908447266,72.4000015258789,0.675410547513539,1.0,0.0,0.0,0
2025-10-08,73.62000274658203,74.83999633789062,73.0999984741211,0.697642438697548,1.0,0.0,0.0,0
2025-10-09,73.18000030517578,74.5,73.18000030517578,0.7742293501353879,1.0,0.0,0.0,0
2025-10-10,74.0,74.4000015258789,72.76000213623047,0.7381435998168592,1.0,0.0,0.0,0
2025-10-13,74.44000244140625,74.69999694824219,73.16000366210938,0.7252750249004696,1.0,0.0,0.0,0
2025-10-14,73.81999969482422,74.4000015258789,73.30000305175781,0.7683073826032408,1.0,0.0,0.0,0
2025-10-15,76.0,76.26000213623047,74.30000305175781,0.5848885935307664,1.0,0.0,0.0,0
2025-10-16,75.4000015258789,76.5,74.9800033569336,0.620591001086179,1.0,0.0,0.0,0
2025-10-17,74.45999908447266,74.94000244140625,73.4000015258789,0.709396386728803,1.0,0.0,0.0,0
2025-10-20,75.62000274658203,75.95999908447266,74.9800033569336,0.6971940864160876,1.0,0.0,0.0,0
2025-10-21,75.5199966430664,76.04000091552734,75.05999755859375,0.7661702533091836,1.0,0.0,0.0,0
2025-10-22,76.54000091552734,77.05999755859375,75.4000015258789,0.6948915845165586,1.0,0.0,0.0,0
2025-10-23,77.36000061035156,77.5999984741211,75.62000274658203,0.5889747051243414,1.0,1.0,1.0,1
2025-10-24,77.05999755859375,78.26000213623047,76.83999633789062,0.5892144126857849,1.0,1.0,1.0,1
2025-10-27,76.63999938964844,78.0199966430664,76.36000061035156,0.6582188521849638,1.0,1.0,1.0,1
2025-10-28,78.26000213623047,78.36000061035156,76.58000183105469,0.6141175346769034,1.0,1.0,1.0,1
2025-10-29,77.80000305175781,78.80000305175781,76.83999633789062,0.6346308609902535,1.0,1.0,1.0,1
2025-10-30,77.05999755859375,78.16000366210938,76.5199966430664,0.61782336614844,1.0,1.0,1.0,1
2025-10-31,75.69999694824219,77.36000061035156,75.5199966430664,0.5736154169251745,1.0,1.0,1.0,1
2025-11-03,76.77999877929688,77.16000366210938,76.0199966430664,0.6310551555524683,1.0,1.0,1.0,1
2025-11-04,76.41999816894531,76.5999984741211,75.5199966430664,0.6338244274964195,1.0,1.0,1.0,1
2025-11-05,75.4800033569336,76.54000091552734,75.08000183105469,0.6295726497542171,1.0,1.0,1.0,1
2025-11-06,76.81999969482422,77.83999633789062,75.72000122070312,0.6821659928040954,1.0,1.0,1.0,1
2025-11-07,75.30000305175781,77.30000305175781,75.18000030517578,0.6589750382473819,1.0,1.0,1.0,1
2025-11-10,76.94000244140625,77.36000061035156,76.19999694824219,0.7088648170399112,1.0,1.0,1.0,1
2025-11-12,77.5,78.76000213623047,76.5999984741211,0.7036529151970919,1.0,1.0,1.0,1
2025-11-13,76.5,78.4800033569336,76.33999633789062,0.7129258438863134,1.0,1.0,1.0,1
2025-11-14,75.4000015258789,76.31999969482422,74.55999755859375,0.7039151287040774,1.0,1.0,1.0,0
2025-11-17,74.77999877929688,75.95999908447266,74.5,0.7063906051152944,1.0,1.0,1.0,1
2025-11-18,73.55999755859375,74.37999725341797,72.87999725341797,0.6877428650049582,1.0,0.0,0.0,0
2025-11-19,75.4000015258789,75.58000183105469,73.19999694824219,0.7873405795633593,1.0,1.0,1.0,1
2025-11-20,75.31999969482422,76.63999938964844,75.0199966430664,0.7810080783243778,1.0,1.0,1.0,1
2025-11-21,73.76000213623047,74.55999755859375,73.19999694824219,0.7167808923208027,1.0,0.0,0.0,0
2025-11-24,74.27999877929688,75.05999755859375,73.55999755859375,0.7265975991527703,1.0,0.0,0.0,0
2025-11-25,76.86000061035156,76.95999908447266,74.13999938964844,0.8290305059847676,1.0,1.0,1.0,1
2025-11-26,77.80000305175781,77.80000305175781,76.36000061035156,0.6907127405897273,1.0,1.0,1.0,1
2025-11-27,77.87999725341797,77.94000244140625,77.27999877929688,0.7064995174608116,1.0,1.0,1.0,1
2025-11-28,77.4000015258789,77.86000061035156,76.5999984741211,0.7179558208639855,1.0,1.0,1.0,1
2025-12-01,78.04000091552734,78.13999938964844,77.13999938964844,0.6633012594446475,1.0,1.0,1.0,1
2025-12-02,76.9000015258789,78.0,76.41999816894531,0.6821219124212241,1.0,1.0,1.0,1
2025-12-03,77.5,78.04000091552734,76.55999755859375,0.7135721845880152,1.0,1.0,1.0,1
2025-12-04,77.66000366210938,78.41999816894531,77.33999633789062,0.7186164539296883,1.0,1.0,1.0,1
2025-12-05,77.31999969482422,77.9000015258789,76.69999694824219,0.7024722525021049,1.0,1.0,1.0,1
2025-12-08,77.86000061035156,78.86000061035156,77.55999755859375,0.7210298701090528,1.0,1.0,1.0,1
2025-12-09,80.0,80.19999694824219,77.87999725341797,0.5977921902031543,1.0,1.0,1.0,1
2025-12-10,80.5,80.5,79.18000030517578,0.5638934574478793,1.0,1.0,1.0,1
2025-12-11,81.37999725341797,82.0,79.62000274658203,0.5324903364421752,0.0,1.0,0.0,0
2025-12-12,81.19999694824219,82.77999877929688,81.0999984741211,0.48279301320268864,0.0,1.0,0.0,0
2025-12-15,83.5,84.16000366210938,80.5999984741211,0.4907519210902918,0.0,1.0,0.0,0
2025-12-16,82.81999969482422,84.0,82.58000183105469,0.47155062680816723,0.0,1.0,0.0,0
2025-12-17,82.54000091552734,83.26000213623047,82.16000366210938,0.5268759440147645,0.0,1.0,0.0,0
2025-12-18,83.73999786376953,83.80000305175781,82.22000122070312,0.5049422284119314,0.0,1.0,0.0,0
2025-12-19,84.13999938964844,84.86000061035156,83.22000122070312,0.4470927018281357,0.0,1.0,0.0,0
2025-12-22,84.81999969482422,85.5,83.73999786376953,0.48704428289397356,0.0,1.0,0.0,0
2025-12-23,84.44000244140625,85.41999816894531,83.81999969482422,0.48588267421922876,0.0,1.0,0.0,0
2025-12-29,84.62000274658203,85.27999877929688,84.0,0.5356681599466274,0.0,1.0,0.0,0
2025-12-30,85.16000366210938,86.22000122070312,84.58000183105469,0.47938630542508454,0.0,1.0,0.0,0
2026-01-02,87.95999908447266,88.76000213623047,85.16000366210938,,0.0,1.0,0.0,0
2026-01-05,87.45999908447266,88.55999755859375,87.0,,0.0,1.0,0.0,0
2026-01-07,86.66000366210938,88.37999725341797,85.22000122070312,,0.0,1.0,0.0,0
2026-01-08,86.4000015258789,86.4000015258789,85.22000122070312,,0.0,1.0,0.0,0
2026-01-09,87.37999725341797,87.44000244140625,85.04000091552734,,0.0,1.0,0.0,0
2026-01-12,88.73999786376953,89.08000183105469,87.0999984741211,,0.0,1.0,0.0,0
